mva_cut value,signal count,error,zll count,unweighted count,error,mc weight,error,combined error,formatted error, enu count,unweighted count, error, mc weight,error,combined error,formatted error,munu count,unweighted count,error, mc weight,error,combined error,formatted error,taunu count,unweighted count, error,mc weight,error,combined error,formatted error,top count,error,mc weight,error,combined error,formatted error,VV count, error, mc weight, error,combined error,formatted error,znunu count,unweighted count,error,mc weight,error,combined error,formatted error,qcd count,error, mc weight, error,combined error,formatted error
0,793.177,0,8.69071,25.91642412,5.090817628,0.335336,0.0404855,2.003799197,1.230567951,470.94,634.0320691,25.17999343,0.74277,0.0521458,37.9855655,1.080659034,298.464,795.490345,28.20443839,0.375195,0.0133411,14.9870593,1.05021396,759.74,608.4296343,24.66636646,1.24869,0.139819,90.47424252,1.119085796,3.54795,1.883600276,1,0,1.883600276,1.530898202,79.7368,8.929546461,1,0,8.929546461,1.111987771,779.645,1245.970726,35.29831052,0.625733,0.228783,285.9113456,1.366719912,72.7025,8.526576101,1,0,8.526576101,1.11728037
0.01,793.177,0,8.69071,25.91642412,5.090817628,0.335336,0.0404855,2.003799197,1.230567951,470.94,634.0320691,25.17999343,0.74277,0.0521458,37.9855655,1.080659034,298.464,795.490345,28.20443839,0.375195,0.0133411,14.9870593,1.05021396,759.74,608.4296343,24.66636646,1.24869,0.139819,90.47424252,1.119085796,3.54795,1.883600276,1,0,1.883600276,1.530898202,79.7368,8.929546461,1,0,8.929546461,1.111987771,779.645,1245.970726,27.92212384,0.625733,0.228783,285.5918618,1.366310131,72.7025,8.526576101,1,0,8.526576101,1.11728037
0.02,793.177,0,8.69071,25.91642412,5.090817628,0.335336,0.0404855,2.003799197,1.230567951,470.94,634.0320691,25.17999343,0.74277,0.0521458,37.9855655,1.080659034,298.464,795.490345,28.20443839,0.375195,0.0133411,14.9870593,1.05021396,759.74,608.4296343,24.66636646,1.24869,0.139819,90.47424252,1.119085796,3.54795,1.883600276,1,0,1.883600276,1.530898202,79.7368,8.929546461,1,0,8.929546461,1.111987771,779.645,1245.970726,27.92212384,0.625733,0.228783,285.5918618,1.366310131,72.7025,8.526576101,1,0,8.526576101,1.11728037
0.03,793.177,0,8.69071,25.91642412,5.090817628,0.335336,0.0404855,2.003799197,1.230567951,470.94,634.0320691,25.17999343,0.74277,0.0521458,37.9855655,1.080659034,298.464,795.490345,28.20443839,0.375195,0.0133411,14.9870593,1.05021396,759.74,608.4296343,24.66636646,1.24869,0.139819,90.47424252,1.119085796,3.54795,1.883600276,1,0,1.883600276,1.530898202,79.7368,8.929546461,1,0,8.929546461,1.111987771,779.645,1245.970726,27.92212384,0.625733,0.228783,285.5918618,1.366310131,72.7025,8.526576101,1,0,8.526576101,1.11728037
0.04,793.177,0,8.69071,25.91642412,5.090817628,0.335336,0.0404855,2.003799197,1.230567951,470.94,634.0320691,25.17999343,0.74277,0.0521458,37.9855655,1.080659034,298.464,795.490345,28.20443839,0.375195,0.0133411,14.9870593,1.05021396,759.74,608.4296343,24.66636646,1.24869,0.139819,90.47424252,1.119085796,3.54795,1.883600276,1,0,1.883600276,1.530898202,79.7368,8.929546461,1,0,8.929546461,1.111987771,779.645,1245.970726,27.92212384,0.625733,0.228783,285.5918618,1.366310131,72.7025,8.526576101,1,0,8.526576101,1.11728037
0.05,791.197,0,9.23148,25.53899952,5.053612522,0.361466,0.0443829,2.149808538,1.232877993,425.893,616.0683805,24.82072482,0.691308,0.0535249,37.1722176,1.087280649,282.792,775.4418197,27.846756,0.364685,0.0133703,14.51286115,1.051319914,544.002,591.7709333,24.32634237,0.919278,0.160989,97.85804653,1.179885454,3.37867,1.838115883,1,0,1.838115883,1.54403534,72.4205,8.510023502,1,0,8.510023502,1.117508489,740.743,1209.139434,27.2165942,0.61262,0.250808,303.7198524,1.41002055,67.1559,8.194870347,1,0,8.194870347,1.122027556
0.06,787.14,0,8.8256,24.4247768,4.942142936,0.361338,0.044873,2.095296917,1.237411271,398.775,594.0711321,24.37357446,0.671258,0.0551018,36.5953701,1.091769469,269.514,751.5790707,27.41494247,0.358597,0.0135054,14.13071281,1.052430348,504.883,571.177906,23.89932857,0.883933,0.18541,107.9885947,1.213888356,2.92154,1.709251298,1,0,1.709251298,1.585051479,67.9606,8.243821929,1,0,8.243821929,1.12130296,699.451,1167.454204,26.44713595,0.599125,0.253577,296.4632769,1.423851388,59.7595,7.730426896,1,0,7.730426896,1.129358962
0.07,783.891,0,8.56334,23.36186953,4.83341179,0.366552,0.0454454,2.065452495,1.241197067,376.063,573.404875,23.94587386,0.655842,0.0569462,36.23356529,1.096349721,256.26,726.0168798,26.9447004,0.352967,0.0135175,13.66618483,1.053329372,530.116,552.3226859,23.50154646,0.959794,0.212419,119.4725234,1.225370529,2.86011,1.691185974,1,0,1.691185974,1.591301025,59.5493,7.716819293,1,0,7.716819293,1.12958707,674.327,1122.940678,25.96780699,0.600501,0.256812,288.8059291,1.428287654,56.4949,7.516308935,1,0,7.516308935,1.133044026
0.08,776.961,0,8.15503,23.00256398,4.796098829,0.354527,0.0452313,1.993410426,1.244439374,363.734,555.5981554,23.5711297,0.654671,0.0590342,36.24803027,1.099655326,246.794,703.6420348,26.5262518,0.350738,0.0136289,13.36134655,1.054139673,464.944,532.4910181,23.0757669,0.873149,0.213703,115.5649213,1.248556646,2.86011,1.691185974,1,0,1.691185974,1.591301025,55.1485,7.426203606,1,0,7.426203606,1.134658306,614.147,1085.456596,24.78198943,0.565796,0.255602,277.7989624,1.452333012,53.6281,7.323120919,1,0,7.323120919,1.136553801
0.09,774.122,0,8.22648,22.50020513,4.743438113,0.365618,0.0468771,2.029836161,1.246744192,340.74,531.0313766,23.04411805,0.641657,0.0602336,35.23830333,1.103416985,235.526,674.5426218,25.97195837,0.349164,0.0137398,12.9666696,1.05505409,425.524,519.151397,22.78489405,0.819653,0.221135,116.3116769,1.273337525,2.42489,1.557205831,1,0,1.557205831,1.642175864,53.3693,7.305429488,1,0,7.305429488,1.136884491,589.824,1051.810903,24.28629243,0.56077,0.264903,278.9605065,1.472955503,51.5328,7.178634968,1,0,7.178634968,1.13930225
0.1,768.91,0,7.76501,21.74743876,4.663414925,0.357054,0.0465846,1.949074357,1.251007321,334.348,520.0047903,22.80361354,0.642971,0.0621251,35.47691757,1.106107761,224.311,656.7961748,25.62803494,0.341523,0.0137673,12.58454351,1.056103105,419.131,508.0043246,22.53895127,0.825054,0.236404,121.5254526,1.289946228,2.37242,1.540266211,1,0,1.540266211,1.649238419,45.4479,6.741505767,1,0,6.741505767,1.148334813,551.332,1020.690319,23.48045996,0.540156,0.26325,268.9958961,1.487901838,48.0122,6.929083633,1,0,6.929083633,1.144319228
0.11,761.656,0,7.29872,21.34397015,4.619953479,0.341957,0.0456796,1.856459596,1.254354133,316.133,505.1855616,22.47633337,0.625776,0.0627092,34.6617521,1.109642942,217.274,640.1935248,25.30204586,0.339388,0.0139114,12.37161324,1.056940146,393.131,494.4440741,22.23609845,0.795097,0.243564,121.7196265,1.309615946,2.37242,1.540266211,1,0,1.540266211,1.649238419,42.0653,6.485776746,1,0,6.485776746,1.154183537,508.639,992.1372423,22.5530264,0.51267,0.258136,256.3672031,1.504025848,46.4086,6.812385779,1,0,6.812385779,1.146791452
0.12,755.743,0,7.11512,21.1250887,4.596203727,0.336809,0.0455023,1.822201698,1.256102736,294.793,486.1682829,22.04922409,0.60636,0.0632544,33.53287335,1.113750575,204.222,614.5341839,24.7898,0.33232,0.0138769,11.8571046,1.058059879,422.888,478.9853242,21.88573335,0.882883,0.274103,132.7055758,1.313807854,2.37242,1.540266211,1,0,1.540266211,1.649238419,37.7949,6.147755688,1,0,6.147755688,1.162660986,479.242,959.2936438,21.89159656,0.499578,0.257133,246.9083834,1.515206062,41.0223,6.404865338,1,0,6.404865338,1.156131308
0.13,750.811,0,6.93533,20.8487299,4.566040943,0.33265,0.0454845,1.790614179,1.258187307,287.594,476.5545514,21.83012944,0.603486,0.0643018,33.35523549,1.11598029,198.138,598.8122762,24.47064111,0.330885,0.0140053,11.65740274,1.058834765,409.616,467.0788416,21.61200688,0.876974,0.288567,136.1096075,1.332285867,2.37242,1.540266211,1,0,1.540266211,1.649238419,35.0182,5.917617764,1,0,5.917617764,1.16898692,455.86,937.1813427,21.3508782,0.486416,0.257033,241.1103027,1.528913049,38.5732,6.210732646,1,0,6.210732646,1.1610116
0.14,743.743,0,7.19356,19.67856918,4.436053334,0.365553,0.0502389,1.899214591,1.264015952,281.105,464.1193117,21.5434285,0.605674,0.0665527,33.53134103,1.119284043,188.33,584.2171713,24.17058484,0.322363,0.0140135,11.30205304,1.060011963,365.993,451.6068132,21.25104264,0.810424,0.28848,131.4129611,1.359058674,1.86017,1.363880493,1,0,1.363880493,1.733202069,29.8864,5.466845526,1,0,5.466845526,1.182920844,445.716,914.0811015,21.11198712,0.487611,0.2839,259.7117301,1.582684333,36.7125,6.059084089,1,0,6.059084089,1.165041446
0.15,734.652,0,6.52919,18.50367994,4.301590397,0.352859,0.0494775,1.772583617,1.271485991,280.594,454.6196894,21.32181253,0.617206,0.0702573,34.5451933,1.123114512,182.115,568.3687195,23.84048488,0.320417,0.014027,11.04145037,1.060629,282.557,439.732261,20.96979401,0.642566,0.263083,116.4681552,1.412193487,1.86017,1.363880493,1,0,1.363880493,1.733202069,28.7235,5.35943094,1,0,5.35943094,1.186586974,412.705,884.2080681,20.31514214,0.466751,0.279597,247.403698,1.599468623,35.9836,5.998633178,1,0,5.998633178,1.166704643
0.16,728.337,0,6.01488,17.7404446,4.211940716,0.339049,0.0485467,1.667655078,1.277254921,266.446,437.5247338,20.91709191,0.608985,0.0718928,33.93627821,1.127366439,177.224,553.2838193,23.52198587,0.320313,0.014142,10.8623466,1.061291623,325.524,427.1979716,20.66876802,0.761998,0.305241,131.3460113,1.403491022,1.86017,1.363880493,1,0,1.363880493,1.733202069,28.2908,5.318909663,1,0,5.318909663,1.188008457,383.485,860.0536013,19.58277304,0.445885,0.274338,236.1068966,1.615687436,32.9485,5.740078397,1,0,5.740078397,1.174213648
0.17,719.83,0,5.63753,17.04453172,4.128502358,0.330753,0.048919,1.599954629,1.283804189,247.445,420.6030834,20.50860998,0.58831,0.0721303,32.6493853,1.13194603,170.537,535.5153335,23.14120424,0.318454,0.0143079,10.63089666,1.062337772,314.041,416.6884493,20.41294808,0.753659,0.313383,131.4861956,1.418691176,1.86017,1.363880493,1,0,1.363880493,1.733202069,25.61,5.060632372,1,0,5.060632372,1.197603763,347.962,832.3175399,18.65373957,0.418064,0.276441,230.2188138,1.661620562,31.0035,5.568078663,1,0,5.568078663,1.179595164
0.18,714.287,0,5.28044,16.53118279,4.065855727,0.319423,0.0487916,1.52881323,1.289523833,240.179,407.8344339,20.19491109,0.588913,0.0743037,32.55385014,1.135539952,166.772,521.1999612,22.82980423,0.319977,0.0145875,10.54366543,1.063222036,330.346,402.4065507,20.06007355,0.820926,0.33121,134.29458,1.406527035,1.86017,1.363880493,1,0,1.363880493,1.733202069,25.024,5.002399424,1,0,5.002399424,1.199904069,314.051,803.5529696,17.72148414,0.390828,0.275721,221.6646592,1.705823765,29.9907,5.476376539,1,0,5.476376539,1.182602491
0.19,700.051,0,5.10182,15.97378729,3.996722068,0.319387,0.0493969,1.500687736,1.294147527,228.213,393.2855742,19.83142895,0.580273,0.0756513,31.90048532,1.139783822,163.108,510.0727389,22.58478999,0.319774,0.0148294,10.4581496,1.064117944,330.265,387.9332116,19.6960202,0.851345,0.347288,135.7640365,1.411076065,1.83337,1.354019941,1,0,1.354019941,1.73854156,24.665,4.966387017,1,0,4.966387017,1.201353619,295.054,778.5641156,17.17713597,0.378972,0.279142,217.4274139,1.736907189,27.6427,5.257632547,1,0,5.257632547,1.190199675
0.2,683.509,0,5.02874,15.7874347,3.973340496,0.318528,0.0506259,1.496863386,1.297661718,230.06,381.5446871,19.5331689,0.60297,0.0787769,32.2821464,1.140320553,158.488,495.780076,22.26611946,0.319674,0.0150835,10.32407159,1.06514103,294.287,378.7872352,19.46245707,0.776919,0.331426,126.4472746,1.429673328,1.83337,1.354019941,1,0,1.354019941,1.73854156,22.4902,4.742383367,1,0,4.742383367,1.210864437,271.591,756.7274632,16.4800182,0.358902,0.286087,216.5706725,1.797414762,26.0026,5.099274458,1,0,5.099274458,1.19610633
0.21,665.802,0,4.97069,15.14203204,3.891276402,0.328271,0.0531738,1.509971857,1.303775101,229.467,368.1172626,19.18638222,0.623353,0.0846518,33.37807708,1.14545916,150.572,479.159374,21.88970932,0.314242,0.0152507,10.0357279,1.066650691,260.415,367.6028424,19.17297166,0.708414,0.311988,115.4891535,1.443481188,1.82794,1.352013314,1,0,1.352013314,1.739637687,20.7756,4.558025888,1,0,4.558025888,1.219393225,253.747,732.870837,15.92943816,0.346237,0.300485,220.2857492,1.868131443,25.223,5.022250492,1,0,5.022250492,1.199113923
0.22,658.112,0,4.81664,14.56974155,3.817033083,0.330592,0.0535687,1.48374357,1.308045353,219.809,358.5007519,18.93411608,0.613134,0.0869666,33.26882298,1.151353325,145.594,462.7378939,21.51134338,0.314636,0.0156326,9.906408237,1.068041322,233.287,352.0468295,18.76291101,0.662659,0.305025,108.1004926,1.463379839,1.51736,1.231811674,1,0,1.231811674,1.811812407,19.4725,4.412765573,1,0,4.412765573,1.226615256,246.902,712.9734709,15.71311554,0.346299,0.302717,215.8977734,1.874426993,22.0214,4.692696453,1,0,4.692696453,1.213097099
0.23,652.323,0,4.61348,13.66730261,3.696931513,0.337556,0.0545359,1.453570559,1.315070307,201.724,341.3363836,18.47529116,0.590983,0.0888066,32.21938542,1.15972014,143.2,449.0900595,21.19174508,0.318867,0.0157135,9.77035573,1.068228741,239.452,337.9674978,18.38389235,0.708506,0.329176,112.0106747,1.46777924,1.51736,1.231811674,1,0,1.231811674,1.811812407,16.7506,4.092749687,1,0,4.092749687,1.244334513,237.446,683.1818483,15.40928292,0.347559,0.308183,210.6131362,1.886993827,20.4046,4.517145116,1,0,4.517145116,1.221378763
0.24,632.57,0,4.23138,13.18905946,3.63167447,0.320825,0.0533421,1.361062065,1.321659143,193.59,325.6169128,18.04485835,0.594533,0.0911606,31.56266539,1.163038718,138.716,431.6973052,20.77732671,0.321327,0.0160894,9.634139705,1.06945226,285.602,323.8698089,17.99638322,0.881842,0.398652,130.0830342,1.455469619,1.51736,1.231811674,1,0,1.231811674,1.811812407,15.7557,3.969345034,1,0,3.969345034,1.251930732,211.873,648.5385362,14.55585793,0.326693,0.301436,195.5506891,1.922961817,18.236,4.270362982,1,0,4.270362982,1.234172131
0.25,623.256,0,4.12316,13.12410279,3.622720357,0.314167,0.0526869,1.331724148,1.322986289,174.723,314.1578998,17.72449999,0.556163,0.0904845,30.0871376,1.172199067,131.142,400.4604889,20.01150891,0.327478,0.0162535,9.236433189,1.070430779,252.525,309.1380737,17.58232276,0.816868,0.403273,125.4916334,1.496947365,0.771106,0.878126415,1,0,0.878126415,2.138788201,15.2953,3.910920608,1,0,3.910920608,1.255694273,194.299,615.0843648,13.93911762,0.31589,0.297734,183.1844564,1.942796702,17.0372,4.127614323,1,0,4.127614323,1.242270697
0.26,611.561,0,4.22944,12.88383215,3.589405543,0.328275,0.057894,1.394554094,1.329725471,165.353,302.6204054,17.3959882,0.546404,0.0923831,29.52869815,1.178579755,125.281,379.480702,19.48026442,0.330138,0.016708,9.031070201,1.072086511,254.181,293.3699438,17.12804553,0.866418,0.42379,125.2097908,1.492600906,0.771106,0.878126415,1,0,0.878126415,2.138788201,11.2524,3.354459718,1,0,3.354459718,1.2981106,168.388,583.6328535,12.97644019,0.288517,0.327159,190.9774422,2.13415114,15.2643,3.906955336,1,0,3.906955336,1.255953783
0.27,595.976,0,4.00215,12.27118862,3.503025638,0.326142,0.0589802,1.352439881,1.337928334,157.098,282.2427354,16.80008141,0.556606,0.0969012,28.90407546,1.183987546,113.038,355.7730742,18.86194778,0.317725,0.0166466,8.425554173,1.074537361,254.24,280.9613954,16.7619031,0.904893,0.440747,124.7583471,1.490710931,0.724585,0.851225587,1,0,0.851225587,2.174776716,10.0301,3.167033312,1,0,3.167033312,1.315752915,151.483,551.4287794,12.30784303,0.27471,0.333297,183.8206554,2.213473825,13.5869,3.686041237,1,0,3.686041237,1.271293764
0.28,576.977,0,3.64152,11.21499472,3.348879621,0.324701,0.0594723,1.275644758,1.350305575,155.309,264.028574,16.24895609,0.588228,0.107245,29.8854226,1.192425568,105.264,332.5803221,18.23678486,0.316507,0.0171957,8.125466046,1.07719131,152.266,265.3193866,16.28862752,0.573897,0.358291,95.52006581,1.627323669,0.724585,0.851225587,1,0,0.851225587,2.174776716,9.60081,3.098517387,1,0,3.098517387,1.322734997,141.041,526.5612108,11.87606837,0.267853,0.336078,176.9942266,2.254913299,11.8549,3.443094538,1,0,3.443094538,1.290436405
0.29,563.188,0,3.16946,10.50436154,3.24104328,0.301728,0.0580349,1.152367497,1.363584805,151.659,242.3581414,15.56785603,0.625764,0.121212,30.94986476,1.204075358,97.1113,314.127629,17.72364604,0.309146,0.0172428,7.704504588,1.079336849,201.803,247.1709876,15.72167254,0.816451,0.585088,145.1853125,1.719440804,0.724585,0.851225587,1,0,0.851225587,2.174776716,7.91921,2.814109095,1,0,2.814109095,1.35535225,118.685,493.1338943,10.89426455,0.240675,0.327955,161.7469793,2.362825793,10.2706,3.204777683,1,0,3.204777683,1.312034125
0.3,549.337,0,3.16298,10.00559912,3.163162835,0.316121,0.0627333,1.18062353,1.37326304,125.704,224.5756959,14.98584985,0.55974,0.117936,27.78212387,1.22101225,91.2236,297.9381612,17.26088529,0.306183,0.0175637,7.437359821,1.081528901,163.995,226.1610067,15.03865043,0.725125,0.580406,131.7173906,1.803179308,0.674361,0.821194861,1,0,0.821194861,2.217737771,3.73025,1.931385513,1,0,1.931385513,1.517763022,103.599,455.4142507,10.1783594,0.227483,0.354506,161.4636868,2.558544839,8.99058,2.998429589,1,0,2.998429589,1.333507915
0.31,527.63,0,2.63255,9.429309283,3.07071804,0.279188,0.0596608,1.025402494,1.389509219,120.023,210.9693591,14.5247843,0.568912,0.12545,27.72611218,1.231006659,84.2715,278.7991372,16.69727933,0.302266,0.0179427,7.106089488,1.084323757,161.26,210.5345614,14.50980915,0.765955,0.60261,127.3560901,1.789756233,0.674361,0.821194861,1,0,0.821194861,2.217737771,3.27616,1.810016575,1,0,1.810016575,1.552481129,80.6004,416.6773506,8.977772552,0.193436,0.337143,140.4905858,2.743050726,6.57472,2.564121682,1,0,2.564121682,1.389997092
0.32,507.075,0,2.32006,8.643877722,2.940047231,0.268405,0.0608017,0.948120037,1.408661861,109.538,192.4700896,13.87335899,0.569117,0.131283,26.47289799,1.241677756,80.7324,258.6267211,16.08187555,0.312158,0.0186849,6.968033701,1.086310251,132.552,198.1789639,14.07760505,0.66885,0.612361,121.7217954,1.918294672,0.674361,0.821194861,1,0,0.821194861,2.217737771,3.04865,1.746038373,1,0,1.746038373,1.572725099,65.3881,378.9076896,8.086290868,0.17257,0.343591,130.1967504,2.991138303,6.00732,2.450983476,1,0,2.450983476,1.407999487
0.33,475.891,0,1.9224,7.929057538,2.815858224,0.24245,0.0576009,0.821388955,1.427272656,99.2477,176.1347422,13.27157648,0.563476,0.141373,25.99939237,1.261964684,74.6817,240.4626902,15.50685946,0.310575,0.0190257,6.642637177,1.088945982,130.828,183.5489478,13.54802376,0.712769,0.624307,114.997056,1.878994222,0.434254,0.658979514,1,0,0.658979514,2.517497856,2.81155,1.676767724,1,0,1.676767724,1.596385525,53.9479,351.5712163,7.344923417,0.153448,0.325503,114.4430356,3.121362195,5.2726,2.296214276,1,0,2.296214276,1.435499426
0.34,450.058,0,1.82405,7.613246017,2.759211122,0.239589,0.0583069,0.796287488,1.436549156,87.8564,161.6618028,12.71462948,0.543458,0.147426,24.81462154,1.282445235,68.4389,220.9709446,14.86509148,0.309719,0.0199719,6.377558053,1.093186157,146.341,162.6649119,12.75401552,0.899647,0.806384,131.6712742,1.899756556,0.434254,0.658979514,1,0,0.658979514,2.517497856,2.66893,1.633686016,1,0,1.633686016,1.612112725,47.8219,326.4449496,6.915338025,0.146493,0.329492,107.5657699,3.249299377,4.77756,2.185763025,1,0,2.185763025,1.457506138
0.35,430.513,0,1.60938,6.860365487,2.619229942,0.234591,0.0611064,0.743831274,1.462184987,87.6676,146.5038319,12.10387673,0.598398,0.164628,25.18270372,1.287252117,61.1071,201.3559467,14.1899946,0.303478,0.0206861,5.991170872,1.098043777,174.728,152.9173923,12.36597721,1.14263,1.05771,162.3582659,1.929205771,0.434254,0.658979514,1,0,0.658979514,2.517497856,2.64416,1.626087329,1,0,1.626087329,1.614973121,38.2255,301.2372434,6.182677414,0.126895,0.345312,104.0237936,3.72131937,3.62216,1.90319731,1,0,1.90319731,1.525431596
0.36,410.174,0,1.33117,5.80751696,2.409879034,0.229215,0.0614438,0.657613867,1.494011935,91.5294,129.1821094,11.36583079,0.70853,0.190847,25.93591971,1.283361627,54.431,185.37843,13.61537477,0.293621,0.0211116,5.594517461,1.102781824,180.642,144.6895425,12.02869662,1.24848,1.1518,167.3286845,1.9263,0.434254,0.658979514,1,0,0.658979514,2.517497856,0.728749,0.853667968,1,0,0.853667968,2.171415629,33.9708,283.2339773,5.828447478,0.119939,0.347219,98.34670287,3.89503641,3.62216,1.90319731,1,0,1.90319731,1.525431596
0.37,392.116,0,1.10749,5.255617511,2.292513361,0.210725,0.062308,0.583618434,1.526973999,91.4293,122.2393653,11.05619127,0.747953,0.217553,27.84961801,1.30460277,50.859,173.5499964,13.17383757,0.293051,0.0221949,5.453586489,1.107229527,87.7938,129.0971385,11.36209217,0.68006,0.851226,110.162162,2.254782935,0.434254,0.658979514,1,0,0.658979514,2.517497856,0.418702,0.647071866,1,0,0.647071866,2.545423395,25.6885,259.2870351,5.068382385,0.0990736,0.352102,91.29686456,4.553997492,3.0724,1.752826289,1,0,1.752826289,1.57050719
0.38,368.833,0,0.920051,4.969031687,2.229132496,0.185157,0.0583464,0.50439117,1.548220882,69.8303,114.9157842,10.71987799,0.607665,0.194374,23.26712153,1.333195211,45.2415,160.3847831,12.66431139,0.282081,0.0224449,5.071535724,1.112099195,39.3417,116.8446188,10.80946894,0.336701,0.685995,80.23741176,3.039500371,0.434254,0.658979514,1,0,0.658979514,2.517497856,0.418702,0.647071866,1,0,0.647071866,2.545423395,20.808,242.1483333,4.561578674,0.0859308,0.329715,79.84089994,4.837029024,1.77147,1.330965815,1,0,1.330965815,1.7513340980.347660078
0.39,352.439,0,0.863623,4.644233044,2.15504827,0.185956,0.0613659,0.491751438,1.569405213,81.1377,106.1203376,10.3014726,0.764582,0.231184,25.76665322,1.317566966,42.9503,143.0094029,11.95865389,0.300332,0.0246661,5.034132946,1.11720833,65.92613763,108.9677513,10.43876196,0.605005948,0.624895482,68.38570302,2.037307895,0.434254,0.658979514,1,0,0.658979514,2.517497856,0.39556,0.628935609,1,0,0.628935609,2.589987888,17.2606,218.5563877,4.154587826,0.0789755,0.346779,75.7914758,5.391010498,1.29706,1.13888542,1,0,1.13888542,1.878051455
0.4,334.364,0,0.774622,4.037749225,2.009415145,0.191845,0.0661709,0.469034446,1.605501065,78.803,101.5235685,10.07589046,0.776204,0.241846,25.76859327,1.327000156,40.1693,129.0455538,11.35982191,0.31128,0.0270343,4.967355624,1.123660498,60.87878723,102.5121966,10.12483069,0.593868723,0.632213655,65.08793763,2.069139853,0.434254,0.658979514,1,0,0.658979514,2.517497856,0.261107,0.510986301,1,0,0.510986301,2.956999625,14.9349,206.1666821,3.864569834,0.0724409,0.373932,77.09282807,6.161924624,1.29706,1.13888542,1,0,1.13888542,1.878051455
0.41,314.853,0,0.659328,3.675839615,1.917247927,0.179368,0.0651665,0.419097273,1.635643068,64.327,91.07976966,9.543572165,0.706271,0.23481,22.42347299,1.34858571,40.3871,123.5139946,11.11368501,0.326984,0.0292562,5.124810244,1.126892256,56.19036219,96.39190652,9.817937997,0.582936516,0.639338669,61.89225771,2.101474618,0.434254,0.658979514,1,0,0.658979514,2.517497856,0.238301,0.488160834,1,0,0.488160834,3.048505185,11.9605,182.6432071,3.458395582,0.0654856,0.368256,67.25983815,6.623497191,0.98354,0.991735852,1,0,0.991735852,2.008333013
0.42,293.571,0,0.692385,3.67584054,1.917248169,0.188361,0.0685973,0.440453554,1.636139654,61.8479,84.02573707,9.166555355,0.736059,0.261908,23.01808666,1.372172485,39.2103,106.7071793,10.32991672,0.367457,0.0320921,5.112241013,1.130380054,49.60891029,86.69770826,9.311160414,0.572205555,0.646274259,56.28324,2.13453893,0.434254,0.658979514,1,0,0.658979514,2.517497856,0.194116,0.440585973,1,0,0.440585973,3.269704576,10.8179,165.1950963,3.289057616,0.0654856,0.387643,64.03708495,6.919548614,0.98354,0.991735852,1,0,0.991735852,2.008333013
0.43,277.14,0,0.678287,3.449946086,1.857403049,0.196608,0.0752296,0.448014126,1.660508201,54.5638,74.36526119,8.623529509,0.733727,0.27101,21.12362998,1.387136343,36.2856,96.30498596,9.813510379,0.376778,0.03444,4.96713244,1.136889908,46.04962152,81.98665857,9.054648451,0.561672135,0.653024094,53.78027071,2.167876498,0.434254,0.658979514,1,0,0.658979514,2.517497856,0.194116,0.440585973,1,0,0.440585973,3.269704576,9.19849,155.4473817,3.032901251,0.0591743,0.425123,66.08450096,8.184277089,0.98354,0.991735852,1,0,0.991735852,2.008333013
0.44,261.364,0,0.651788,3.189457665,1.785905279,0.204357,0.0783555,0.442327055,1.678636389,44.6429,66.63984726,8.163323298,0.669913,0.26354,18.3940214,1.412025684,33.7496,89.97997755,9.485777646,0.375079,0.0359365,4.807776183,1.142454316,41.6906323,75.61793181,8.695857164,0.551332618,0.659591774,50.106857,2.20187328,0.434254,0.658979514,1,0,0.658979514,2.517497856,0.158715,0.398390512,1,0,0.398390512,3.51009994,8.51036,143.8185158,2.917252132,0.0591743,0.442787,63.68120314,8.482786056,0.98354,0.991735852,1,0,0.991735852,2.008333013
0.45,248.732,0,0.624488,2.874129575,1.695325802,0.217279,0.0835939,0.43978728,1.704236559,39.0644,57.86409838,7.606845495,0.675106,0.279243,16.95459354,1.434016484,30.2196,83.76927939,9.152555894,0.360748,0.0371203,4.535515862,1.150085238,37.16702657,68.67731738,8.28717789,0.541183436,0.665980831,45.95713671,2.236502915,0,0,1,0,0,0,0.158715,0.398390512,1,0,0.398390512,3.51009994,7.3428,124.0876529,2.709760137,0.0591743,0.472389,58.61786159,8.983039384,0.98354,0.991735852,1,0,0.991735852,2.008333013
0.46,237.298,0,0.513056,2.627095558,1.620831749,0.195294,0.0800108,0.379972531,1.740606349,30.1416,53.69426888,7.327637333,0.561356,0.251428,14.11299824,1.468223261,25.8851,75.27867689,8.676328538,0.343857,0.0371434,4.088885133,1.157962887,33.11680104,62.34090102,7.895625436,0.531221084,0.672194733,42.11460855,2.271699175,0,0,1,0,0,0,0.158715,0.398390512,1,0,0.398390512,3.51009994,5.66957,108.5729332,2.381085887,0.052219,0.452141,49.09043206,9.658581174,0.807766,0.898758032,1,0,0.898758032,2.112646524
0.47,222.572,0,0.452617,2.627095329,1.620831678,0.172288,0.0759636,0.343228955,1.758320954,21.8807,49.48279917,7.034401124,0.442188,0.220993,11.36913856,1.519596656,24.0999,67.17573636,8.196080549,0.358759,0.0394964,3.960495544,1.164336597,29.02830739,55.66927955,7.461184862,0.521442124,0.678236884,37.956877,2.307581475,0,0,1,0,0,0,0.158715,0.398390512,1,0,0.398390512,3.51009994,4.4228,97.71185299,2.103045411,0.0452637,0.42927,41.94487515,10.48378293,0.807766,0.898758032,1,0,0.898758032,2.112646524
0.48,209.394,0,0.468576,2.627091942,1.620830633,0.178363,0.0787669,0.355521831,1.758728212,16.113,44.77101846,6.691114889,0.359898,0.212566,9.816743272,1.609243671,20.6426,61.48791545,7.84142305,0.335718,0.039992,3.602345754,1.174510273,25.73340235,50.27595045,7.090553606,0.51184318,0.684110622,34.58525909,2.343983147,0,0,1,0,0,0,0.158715,0.398390512,1,0,0.398390512,3.51009994,3.99355,88.22853633,1.998386849,0.0452637,0.445111,39.27159621,10.83375598,0.807766,0.898758032,1,0,0.898758032,2.112646524
0.49,192.061,0,0.588338,2.627095334,1.62083168,0.22395,0.100066,0.448180461,1.761773778,17.2211,42.45184415,6.515507973,0.405662,0.243533,10.67094075,1.619643388,19.9924,57.90417271,7.609479135,0.345267,0.0422645,3.590535999,1.179595046,23.73371287,47.23870185,6.873041674,0.502420937,0.689819226,32.76861986,2.380678196,0,0,1,0,0,0,0.125725,0.354577213,1,0,0.354577213,3.820260195,3.49533,77.22148211,1.869580167,0.0452637,0.565471,43.66659071,13.49283779,0.807766,0.898758032,1,0,0.898758032,2.112646524
0.5,180.642,0,0.705758,2.627092903,1.62083093,0.268646,0.121393,0.539725014,1.76474516,19.5389,41.28776913,6.425555939,0.473237,0.290751,12.38360183,1.63379217,18.7832,56.04583159,7.486376399,0.33514,0.042641,3.465023251,1.184474597,20.36956379,41.30315154,6.426752799,0.493172144,0.695365913,28.89515988,2.418545835,0,0,1,0,0,0,0.125725,0.354577213,1,0,0.354577213,3.820260195,3.26435,72.11849672,1.806751228,0.0452637,0.685993,49.47285151,16.1554985,0.807766,0.898758032,1,0,0.898758032,2.112646524
0.51,168.427,0,0.763701,2.627092349,1.620830759,0.290702,0.132079,0.585155635,1.766210382,14.8642,36.04840665,6.004032533,0.41234,0.287717,10.66311787,1.717369107,17.851,53.7064393,7.328467732,0.332381,0.0429726,3.355556624,1.187975835,19.54498439,40.37439071,6.354084569,0.484093606,0.700753839,28.45922843,2.456088573,0,0,1,0,0,0,0.125725,0.354577213,1,0,0.354577213,3.820260195,3.07712,67.98206952,1.754172169,0.0452637,0.746376,50.74024724,17.48952502,0.369817,0.608125809,1,0,0.608125809,2.644396578
0.52,159.194,0,0.720013,2.468926379,1.571281763,0.29163,0.132531,0.563065987,1.782021973,15.8577,32.7111267,5.719364186,0.48478,0.346664,11.67381172,1.736160459,15.261,47.80670566,6.91423934,0.319223,0.0431934,3.022518038,1.198055045,15.85595232,33.36815361,5.77651743,0.47518219,0.705986103,23.71683043,2.495768273,0,0,1,0,0,0,0.125725,0.354577213,1,0,0.354577213,3.820260195,2.66516,58.88073666,1.632531776,0.0452637,0.74893,44.09761202,17.54595297,0.369817,0.608125809,1,0,0.608125809,2.644396578
0.53,151.547,0,0.769809,2.468927097,1.571281992,0.311799,0.139794,0.59928968,1.778491392,16.3463,27.88528791,5.280652224,0.586198,0.433011,12.46511182,1.762564728,13.3336,43.17428246,6.570713999,0.308832,0.0437355,2.771881311,1.207886941,13.58690021,29.129258,5.397152767,0.46643482,0.711065746,20.8652394,2.535687985,0,0,1,0,0,0,0.125725,0.354577213,1,0,0.354577213,3.820260195,2.12429,50.9035098,1.457494425,0.0417317,0.789974,40.21249525,19.92985197,0.369817,0.608125809,1,0,0.608125809,2.644396578
0.54,145.79,0,0.551629,2.090430229,1.445832019,0.263883,0.12789,0.465874371,1.844542928,15.9122,25.26058782,5.025991227,0.629922,0.471568,12.32563227,1.774602649,10.9245,38.19114275,6.17989828,0.286048,0.0438071,2.433927886,1.222795358,11.64971304,25.44447272,5.044251453,0.457848475,0.715995753,18.36393815,2.576342532,0,0,1,0,0,0,0.125725,0.354577213,1,0,0.354577213,3.820260195,1.65937,47.7154047,1.288165362,0.0347764,0.722705,34.48419065,21.78149578,0.369817,0.608125809,1,0,0.608125809,2.644396578
0.55,139.811,0,0.403816,1.341982653,1.158439749,0.30091,0.147347,0.40076457,1.992443513,13.088,19.90231322,4.461200872,0.657612,0.496391,10.30572513,1.787417874,8.89036,34.75335499,5.895197621,0.255813,0.0423939,2.108310154,1.237145645,10.37265699,23.0800867,4.804173883,0.449420192,0.720779052,16.77516914,2.617249,0,0,1,0,0,0,0.0695258,0.263677454,1,0,0.263677454,4.79251234,1.57886,45.40032896,1.25652696,0.0347764,0.832655,37.80283616,24.94312109,0.369817,0.608125809,1,0,0.608125809,2.644396578
0.56,132.496,0,0.403816,1.341982653,1.158439749,0.30091,0.147347,0.40076457,1.992443513,16.4674,19.11939375,4.372572898,0.861293,0.688296,13.68808428,1.831223161,8.24913,33.0150084,5.745868812,0.24986,0.0427646,2.01358257,1.244096356,8.284337052,18.77908254,4.33348388,0.44114706,0.725418517,13.7561771,2.660504276,0,0,1,0,0,0,0.0695258,0.263677454,1,0,0.263677454,4.79251234,1.35857,39.06586076,1.16557711,0.0347764,0.832655,32.52840954,24.94312368,0.369817,0.608125809,1,0,0.608125809,2.644396578
0.57,125.431,0,0.25633,1.064811738,1.031897155,0.240728,0.129586,0.284157674,2.10856191,16.5131,18.27515378,4.274944886,0.903582,0.730127,13.89105748,1.841214398,6.89085,26.73981374,5.171055379,0.2577,0.044667,1.789506349,1.259693122,7.245051312,16.73120683,4.09037979,0.433026224,0.72991697,12.3401706,2.703255101,0,0,1,0,0,0,0.0695258,0.263677454,1,0,0.263677454,4.79251234,1.00791,36.22825841,1.00394721,0.0278211,0.732291,26.52964228,27.32143969,0.369817,0.608125809,1,0,0.608125809,2.644396578
0.58,110.993,0,0.192271,0.798706424,0.893703767,0.240728,0.129586,0.238741504,2.241692734,16.3903,17.49250259,4.182403925,0.93699,0.76364,13.92095667,1.849341176,5.21649,22.24515991,4.71647749,0.2345,0.0434592,1.468974377,1.281602069,0,0,0,,,0,0,0,0,1,0,0,0,0.0695258,0.263677454,1,0,0.263677454,4.79251234,0.931903,33.49626722,0.965351231,0.0278211,0.732291,24.52902972,27.32144088,0.369817,0.608125809,1,0,0.608125809,2.644396578
0.59,103.041,0,0.198959,0.798704948,0.893702942,0.249102,0.134414,0.247157111,2.242251474,16.544,16.47808765,4.059321082,1.004,0.832088,14.30411487,1.864610425,4.28453,18.84552452,4.341143227,0.22735,0.0438018,1.286656575,1.300302851,0,0,0,0,,0,0,0,0,1,0,0,0,0.0695258,0.263677454,1,0,0.263677454,4.79251234,0.819894,29.47022224,0.905479983,0.0278211,0.759571,22.38474035,28.30199313,0,0,1,0,0,0
0.6,98.0075,0,0.0929362,0.471211998,0.686448832,0.197228,0.121064,0.146914803,2.580813536,16.7419,15.95195899,3.993990359,1.04952,0.879502,14.64259817,1.87460791,4.00317,17.79724539,4.218678157,0.224932,0.0445514,1.236575543,1.308899083,0,0,0,0,,0,0,0,0,1,0,0,0,0.0695258,0.263677454,1,0,0.263677454,4.79251234,0.555545,26.62466812,0.745348912,0.0208658,0.684132,18.21479409,33.78725232,0,0,1,0,0,0
0.61,91.7025,0,0.35473,0.306989987,0.554066771,1.15551,0.885992,0.695609796,2.960955645,16.3363,14.35035445,3.788186169,1.13839,0.97417,14.62971864,1.895534401,3.71527,17.22272957,4.150027659,0.215719,0.0460094,1.195560079,1.321796284,0,0,0,0,,0,0,0,0,1,0,0,0,0.0695258,0.263677454,1,0,0.263677454,4.79251234,0.479725,22.99097087,0.69262183,0.0208658,5.00674,115.1098144,240.9495845,0,0,1,0,0,0
0.62,87.0912,0,0.236488,0.306990921,0.554067614,0.770342,0.669168,0.47368503,3.002998165,15.4537,12.58875185,3.548063113,1.22758,1.05781,14.01071118,1.906625027,3.39821,15.7242276,3.96537862,0.216113,0.0478728,1.140635435,1.335657724,0,0,0,0,,0,0,0,0,1,0,0,0,0.0695258,0.263677454,1,0,0.263677454,4.79251234,0.259294,18.64002991,0.509209191,0.0139106,3.78147,70.48671424,272.8408997,0,0,1,0,0,0
0.63,79.3223,0,0.124672,0.306989961,0.554066748,0.406111,0.457378,0.265227763,3.127404413,16.2682,12.34637423,3.513740774,1.31765,1.15815,15.02983232,1.923878015,3.03303,15.00719923,3.873912651,0.202105,0.0466293,1.050083736,1.346216073,0,0,0,0,,0,0,0,0,1,0,0,0,0.0695258,0.263677454,1,0,0.263677454,4.79251234,0.125237,18.00603283,0.3538884,0.00695528,2.58464,46.53911275,372.6083326,0,0,1,0,0,0
0.64,72.6133,0,0.175942,0.30698981,0.554066612,0.57312,0.67297,0.378836832,3.153191574,14.3362,10.536675,3.246024491,1.3606,1.20692,13.46202007,1.939022898,2.59222,14.43418027,3.799234169,0.179589,0.0462728,0.954797298,1.368331893,0,0,0,0,,0,0,0,0,1,0,0,0,0.0695258,0.263677454,1,0,0.263677454,4.79251234,0.121058,17.40519433,0.347933902,0.00695528,3.80295,66.19108381,547.7716616,0,0,1,0,0,0
0.65,69.4563,0,0.175942,0.30698981,0.554066612,0.57312,0.67297,0.378836832,3.153191574,14.5954,10.1621584,3.187814047,1.43625,1.29428,13.92679402,1.954190637,2.19746,13.27714236,3.643781327,0.165507,0.0457584,0.856037864,1.389557882,0,0,0,0,,0,0,0,0,1,0,0,0,0.0695258,0.263677454,1,0,0.263677454,4.79251234,0.0960211,13.80549741,0.309872716,0.00695528,3.80295,52.50161641,547.7716617,0,0,1,0,0,0
0.66,63.7087,0,0,0,0,,,0,0,18.4419,9.663185693,3.108566501,1.90847,1.87914,19.1030407,2.035849923,1.85612,11.09834193,3.331417406,0.167243,0.0465586,0.759885523,1.409394609,0,0,0,0,,0,0,0,0,1,0,0,0,0.0695258,0.263677454,1,0,0.263677454,4.79251234,0,0,0,0,0,0,0,0,0,1,0,0,0
0.67,60.4698,0,0,0,0,,,0,0,18.5798,9.242164222,3.040092798,2.01033,2.01379,19.58953306,2.054345744,1.39002,8.619423809,2.935885524,0.161266,0.0498753,0.639510622,1.460072964,0,0,0,0,,0,0,0,0,1,0,0,0,0.0695258,0.263677454,1,0,0.263677454,4.79251234,0,0,0,0,0,0,0,0,0,1,0,0,0
0.68,55.8529,0,0,0,0,,,0,0,18.9709,8.805122231,2.967342621,2.15453,2.20932,20.47695105,2.079387433,1.34667,5.839472714,2.416500096,0.230615,0.0760841,0.712710894,1.529239453,0,0,0,0,,0,0,0,0,1,0,0,0,0,0,1,0,0,0,0,0,0,0,0,0,0,0,0,1,0,0,0
0.69,49.7844,0,0,0,0,,,0,0,10.7906,6.833905433,2.614173948,1.57898,1.79302,12.92989621,2.198255538,1.07424,4.555068396,2.13426062,0.235834,0.0814783,0.625369206,1.582150363,0,0,0,0,,0,0,0,0,1,0,0,0,0,0,1,0,0,0,0,0,0,0,0,0,0,0,0,1,0,0,0
0.7,39.5679,0,0,0,0,,,0,0,6.82551,4.003748284,2.000936852,1.70478,1.98253,8.639485527,2.265764101,0.561944,2.398016532,1.548553045,0.234337,0.0845393,0.415670977,1.73970178,0,0,0,0,,0,0,0,0,1,0,0,0,0,0,1,0,0,0,0,0,0,0,0,0,0,0,0,1,0,0,0
0.71,32.9975,0,0,0,0,,,0,0,3.59805,3.627125034,1.904501256,0.991984,1.40006,5.418233004,2.505880408,0.444337,2.065761334,1.437275664,0.215096,0.0862479,0.356817596,1.803033724,0,0,0,0,,0,0,0,0,1,0,0,0,0,0,1,0,0,0,0,0,0,0,0,0,0,0,0,1,0,0,0
0.72,27.0854,0,0,0,0,,,0,0,3.48849,3.225752462,1.79603799,1.08145,1.56023,5.394707462,2.546430536,0.726194,1.789686667,1.337791713,0.405766,0.145056,0.601713787,1.828585456,0,0,0,0,,0,0,0,0,1,0,0,0,0,0,1,0,0,0,0,0,0,0,0,0,0,0,0,1,0,0,0
0.73,19.6989,0,0,0,0,,,0,0,2.78919,2.297880228,1.51587606,1.21381,1.80602,4.539624787,2.627578181,1.07399,1.46807388,1.211640986,0.731564,0.320886,1.003799228,1.934644855,0,0,0,0,,0,0,0,0,1,0,0,0,0,0,1,0,0,0,0,0,0,0,0,0,0,0,0,1,0,0,0
0.74,16.0931,0,0,0,0,,,0,0,9.54989,1.847266981,1.359142002,5.16974,12.8411,24.7397139,3.590575797,0.592616,1.231809168,1.109868987,0.481094,0.26184,0.623806109,2.05263123,0,0,0,0,,0,0,0,0,1,0,0,0,0,0,1,0,0,0,0,0,0,0,0,0,0,0,0,1,0,0,0
0.75,10.897,0,0,0,0,,,0,0,9.85871,1.433464582,1.197273812,6.87754,19.3032,28.86966696,3.928341229,0.631658,1.13127373,1.063613525,0.55836,0.348513,0.712836832,2.128517064,0,0,0,0,,0,0,0,0,1,0,0,0,0,0,1,0,0,0,0,0,0,0,0,0,0,0,0,1,0,0,0
0.76,6.74805,0,0,0,0,,,0,0,10.8411,1.205413135,1.097913082,8.99368,28.4315,35.66582464,4.289871382,0.379394,0.51989443,0.721037052,0.729752,0.554123,0.599880624,2.581154747,0,0,0,0,,0,0,0,0,1,0,0,0,0,0,1,0,0,0,0,0,0,0,0,0,0,0,0,1,0,0,0
0.77,4.14048,0,0,0,0,,,0,0,5.75635,0.522444886,0.722803491,11.0181,38.1966,21.48605928,4.73258389,0.244791,0.322655096,0.568027372,0.758677,0.711434,0.488271949,2.994648289,0,0,0,0,,0,0,0,0,1,0,0,0,0,0,1,0,0,0,0,0,0,0,0,0,0,0,0,1,0,0,0
0.78,1.69335,0,0,0,0,,,0,0,0,0,0,0,0,0,0,0.0445951,0.070113893,0.26479028,0.636038,0.813542,0.17781397,4.987298375,0,0,0,0,,0,0,0,0,1,0,0,0,0,0,1,0,0,0,0,0,0,0,0,0,0,0,0,1,0,0,0
,,,,,
